Domain Code,Domain,Area Code (M49),Area,Element Code,Element,Item Code,Item,Year Code,Year,Unit,Value,Flag,Flag Description,Note
RFN,Fertilizers by Nutrient,356,India,5157,Agricultural Use,3102,Nutrient nitrogen N (total),1961,1961,t,249800,A,Official figure,Official data from questionnaire
RFN,Fertilizers by Nutrient,356,India,5157,Agricultural Use,3102,Nutrient nitrogen N (total),1962,1962,t,333000,A,Official figure,Official data from questionnaire
RFN,Fertilizers by Nutrient,356,India,5157,Agricultural Use,3102,Nutrient nitrogen N (total),1963,1963,t,376800,A,Official figure,Official data from questionnaire
RFN,Fertilizers by Nutrient,356,India,5157,Agricultural Use,3102,Nutrient nitrogen N (total),1964,1964,t,555200,A,Official figure,Official data from questionnaire
RFN,Fertilizers by Nutrient,356,India,5157,Agricultural Use,3102,Nutrient nitrogen N (total),1965,1965,t,574800,A,Official figure,Official data from questionnaire
RFN,Fertilizers by Nutrient,356,India,5157,Agricultural Use,3102,Nutrient nitrogen N (total),1966,1966,t,737800,A,Official figure,Official data from questionnaire
RFN,Fertilizers by Nutrient,356,India,5157,Agricultural Use,3102,Nutrient nitrogen N (total),1967,1967,t,1034600,A,Official figure,Official data from questionnaire
RFN,Fertilizers by Nutrient,356,India,5157,Agricultural Use,3102,Nutrient nitrogen N (total),1968,1968,t,1208600,A,Official figure,Official data from questionnaire
RFN,Fertilizers by Nutrient,356,India,5157,Agricultural Use,3102,Nutrient nitrogen N (total),1969,1969,t,1356000,A,Official figure,Official data from questionnaire
RFN,Fertilizers by Nutrient,356,India,5157,Agricultural Use,3102,Nutrient nitrogen N (total),1970,1970,t,1479000,A,Official figure,Official data from questionnaire
RFN,Fertilizers by Nutrient,356,India,5157,Agricultural Use,3102,Nutrient nitrogen N (total),1971,1971,t,1798000,A,Official figure,Official data from questionnaire
RFN,Fertilizers by Nutrient,356,India,5157,Agricultural Use,3102,Nutrient nitrogen N (total),1972,1972,t,1839000,A,Official figure,Official data from questionnaire
RFN,Fertilizers by Nutrient,356,India,5157,Agricultural Use,3102,Nutrient nitrogen N (total),1973,1973,t,1829000,A,Official figure,Official data from questionnaire
RFN,Fertilizers by Nutrient,356,India,5157,Agricultural Use,3102,Nutrient nitrogen N (total),1974,1974,t,1765700,A,Official figure,Official data from questionnaire
RFN,Fertilizers by Nutrient,356,India,5157,Agricultural Use,3102,Nutrient nitrogen N (total),1975,1975,t,2748600,A,Official figure,Official data from questionnaire
RFN,Fertilizers by Nutrient,356,India,5157,Agricultural Use,3102,Nutrient nitrogen N (total),1976,1976,t,2456900,A,Official figure,Official data from questionnaire
RFN,Fertilizers by Nutrient,356,India,5157,Agricultural Use,3102,Nutrient nitrogen N (total),1977,1977,t,2913000,A,Official figure,Official data from questionnaire
RFN,Fertilizers by Nutrient,356,India,5157,Agricultural Use,3102,Nutrient nitrogen N (total),1978,1978,t,3419500,A,Official figure,Official data from questionnaire
RFN,Fertilizers by Nutrient,356,India,5157,Agricultural Use,3102,Nutrient nitrogen N (total),1979,1979,t,3498100,A,Official figure,Official data from questionnaire
RFN,Fertilizers by Nutrient,356,India,5157,Agricultural Use,3102,Nutrient nitrogen N (total),1980,1980,t,3678100,A,Official figure,Official data from questionnaire
RFN,Fertilizers by Nutrient,356,India,5157,Agricultural Use,3102,Nutrient nitrogen N (total),1981,1981,t,4068700,A,Official figure,Official data from questionnaire
RFN,Fertilizers by Nutrient,356,India,5157,Agricultural Use,3102,Nutrient nitrogen N (total),1982,1982,t,4042900,X,Figure from external organization,Data sourced from another international organization
RFN,Fertilizers by Nutrient,356,India,5157,Agricultural Use,3102,Nutrient nitrogen N (total),1983,1983,t,4637300,X,Figure from external organization,Data sourced from another international organization
RFN,Fertilizers by Nutrient,356,India,5157,Agricultural Use,3102,Nutrient nitrogen N (total),1984,1984,t,5333300,X,Figure from external organization,Data sourced from another international organization
RFN,Fertilizers by Nutrient,356,India,5157,Agricultural Use,3102,Nutrient nitrogen N (total),1985,1985,t,5750000,X,Figure from external organization,Data sourced from another international organization
RFN,Fertilizers by Nutrient,356,India,5157,Agricultural Use,3102,Nutrient nitrogen N (total),1986,1986,t,6528700,X,Figure from external organization,Data sourced from another international organization
RFN,Fertilizers by Nutrient,356,India,5157,Agricultural Use,3102,Nutrient nitrogen N (total),1987,1987,t,5702900,X,Figure from external organization,Data sourced from another international organization
RFN,Fertilizers by Nutrient,356,India,5157,Agricultural Use,3102,Nutrient nitrogen N (total),1988,1988,t,7157500,X,Figure from external organization,Data sourced from another international organization
RFN,Fertilizers by Nutrient,356,India,5157,Agricultural Use,3102,Nutrient nitrogen N (total),1989,1989,t,7150900,X,Figure from external organization,Data sourced from another international organization
RFN,Fertilizers by Nutrient,356,India,5157,Agricultural Use,3102,Nutrient nitrogen N (total),1990,1990,t,7565500,X,Figure from external organization,Data sourced from another international organization
RFN,Fertilizers by Nutrient,356,India,5157,Agricultural Use,3102,Nutrient nitrogen N (total),1991,1991,t,8046272,A,Official figure,Official data from questionnaire
RFN,Fertilizers by Nutrient,356,India,5157,Agricultural Use,3102,Nutrient nitrogen N (total),1992,1992,t,8426735,A,Official figure,Official data from questionnaire
RFN,Fertilizers by Nutrient,356,India,5157,Agricultural Use,3102,Nutrient nitrogen N (total),1993,1993,t,8778871,A,Official figure,Official data from questionnaire
RFN,Fertilizers by Nutrient,356,India,5157,Agricultural Use,3102,Nutrient nitrogen N (total),1994,1994,t,9507169,A,Official figure,Official data from questionnaire
RFN,Fertilizers by Nutrient,356,India,5157,Agricultural Use,3102,Nutrient nitrogen N (total),1995,1995,t,9822852,A,Official figure,Official data from questionnaire
RFN,Fertilizers by Nutrient,356,India,5157,Agricultural Use,3102,Nutrient nitrogen N (total),1996,1996,t,10315919,A,Official figure,Official data from questionnaire
RFN,Fertilizers by Nutrient,356,India,5157,Agricultural Use,3102,Nutrient nitrogen N (total),1997,1997,t,10901899,A,Official figure,Official data from questionnaire
RFN,Fertilizers by Nutrient,356,India,5157,Agricultural Use,3102,Nutrient nitrogen N (total),1998,1998,t,11353755,A,Official figure,Official data from questionnaire
RFN,Fertilizers by Nutrient,356,India,5157,Agricultural Use,3102,Nutrient nitrogen N (total),1999,1999,t,11586250,A,Official figure,Official data from questionnaire
RFN,Fertilizers by Nutrient,356,India,5157,Agricultural Use,3102,Nutrient nitrogen N (total),2000,2000,t,10920200,A,Official figure,Official data from questionnaire
RFN,Fertilizers by Nutrient,356,India,5157,Agricultural Use,3102,Nutrient nitrogen N (total),2001,2001,t,11310175,A,Official figure,Official data from questionnaire
RFN,Fertilizers by Nutrient,356,India,5157,Agricultural Use,3102,Nutrient nitrogen N (total),2002,2002,t,10469210,A,Official figure,Official data from questionnaire
RFN,Fertilizers by Nutrient,356,India,5157,Agricultural Use,3102,Nutrient nitrogen N (total),2003,2003,t,11077861,A,Official figure,Official data from questionnaire
RFN,Fertilizers by Nutrient,356,India,5157,Agricultural Use,3102,Nutrient nitrogen N (total),2004,2004,t,11712729,A,Official figure,Official data from questionnaire
RFN,Fertilizers by Nutrient,356,India,5157,Agricultural Use,3102,Nutrient nitrogen N (total),2005,2005,t,12723910,A,Official figure,Official data from questionnaire
RFN,Fertilizers by Nutrient,356,India,5157,Agricultural Use,3102,Nutrient nitrogen N (total),2006,2006,t,13760868,A,Official figure,Official data from questionnaire
RFN,Fertilizers by Nutrient,356,India,5157,Agricultural Use,3102,Nutrient nitrogen N (total),2007,2007,t,14417665,A,Official figure,Official data from questionnaire
RFN,Fertilizers by Nutrient,356,India,5157,Agricultural Use,3102,Nutrient nitrogen N (total),2008,2008,t,14863815,A,Official figure,Official data from questionnaire
RFN,Fertilizers by Nutrient,356,India,5157,Agricultural Use,3102,Nutrient nitrogen N (total),2009,2009,t,15558372,A,Official figure,Official data from questionnaire
RFN,Fertilizers by Nutrient,356,India,5157,Agricultural Use,3102,Nutrient nitrogen N (total),2010,2010,t,16450653,A,Official figure,Official data from questionnaire
RFN,Fertilizers by Nutrient,356,India,5157,Agricultural Use,3102,Nutrient nitrogen N (total),2011,2011,t,17367540,A,Official figure,Official data from questionnaire
RFN,Fertilizers by Nutrient,356,India,5157,Agricultural Use,3102,Nutrient nitrogen N (total),2012,2012,t,16820900,A,Official figure,Official data collected from national publication
RFN,Fertilizers by Nutrient,356,India,5157,Agricultural Use,3102,Nutrient nitrogen N (total),2013,2013,t,16750100,A,Official figure,Official data collected from national publication
RFN,Fertilizers by Nutrient,356,India,5157,Agricultural Use,3102,Nutrient nitrogen N (total),2014,2014,t,16949600,A,Official figure,Official data collected from national publication
RFN,Fertilizers by Nutrient,356,India,5157,Agricultural Use,3102,Nutrient nitrogen N (total),2015,2015,t,17372300,A,Official figure,
RFN,Fertilizers by Nutrient,356,India,5157,Agricultural Use,3102,Nutrient nitrogen N (total),2016,2016,t,16735400,A,Official figure,Official data collected from national publication
RFN,Fertilizers by Nutrient,356,India,5157,Agricultural Use,3102,Nutrient nitrogen N (total),2017,2017,t,16958000,A,Official figure,Official data collected from national publication
RFN,Fertilizers by Nutrient,356,India,5157,Agricultural Use,3102,Nutrient nitrogen N (total),2018,2018,t,17628200,A,Official figure,Official data collected from national publication
RFN,Fertilizers by Nutrient,356,India,5157,Agricultural Use,3102,Nutrient nitrogen N (total),2019,2019,t,18863900,A,Official figure,
RFN,Fertilizers by Nutrient,356,India,5157,Agricultural Use,3102,Nutrient nitrogen N (total),2020,2020,t,20404000,A,Official figure,
RFN,Fertilizers by Nutrient,356,India,5157,Agricultural Use,3102,Nutrient nitrogen N (total),2021,2021,t,19488300,A,Official figure,
RFN,Fertilizers by Nutrient,356,India,5157,Agricultural Use,3102,Nutrient nitrogen N (total),2022,2022,t,20206300,A,Official figure,Official data from questionnaire
RFN,Fertilizers by Nutrient,356,India,5157,Agricultural Use,3102,Nutrient nitrogen N (total),2023,2023,t,20456400,A,Official figure,Official data from questionnaire
RFN,Fertilizers by Nutrient,356,India,5157,Agricultural Use,3103,Nutrient phosphate P2O5 (total),1961,1961,t,60500,A,Official figure,Official data from questionnaire
RFN,Fertilizers by Nutrient,356,India,5157,Agricultural Use,3103,Nutrient phosphate P2O5 (total),1962,1962,t,82800,A,Official figure,Official data from questionnaire
RFN,Fertilizers by Nutrient,356,India,5157,Agricultural Use,3103,Nutrient phosphate P2O5 (total),1963,1963,t,116500,A,Official figure,Official data from questionnaire
RFN,Fertilizers by Nutrient,356,India,5157,Agricultural Use,3103,Nutrient phosphate P2O5 (total),1964,1964,t,148700,A,Official figure,Official data from questionnaire
RFN,Fertilizers by Nutrient,356,India,5157,Agricultural Use,3103,Nutrient phosphate P2O5 (total),1965,1965,t,132500,A,Official figure,Official data from questionnaire
RFN,Fertilizers by Nutrient,356,India,5157,Agricultural Use,3103,Nutrient phosphate P2O5 (total),1966,1966,t,248600,A,Official figure,Official data from questionnaire
RFN,Fertilizers by Nutrient,356,India,5157,Agricultural Use,3103,Nutrient phosphate P2O5 (total),1967,1967,t,334800,A,Official figure,Official data from questionnaire
RFN,Fertilizers by Nutrient,356,India,5157,Agricultural Use,3103,Nutrient phosphate P2O5 (total),1968,1968,t,382100,A,Official figure,Official data from questionnaire
RFN,Fertilizers by Nutrient,356,India,5157,Agricultural Use,3103,Nutrient phosphate P2O5 (total),1969,1969,t,416000,A,Official figure,Official data from questionnaire
RFN,Fertilizers by Nutrient,356,India,5157,Agricultural Use,3103,Nutrient phosphate P2O5 (total),1970,1970,t,541300,A,Official figure,Official data from questionnaire
RFN,Fertilizers by Nutrient,356,India,5157,Agricultural Use,3103,Nutrient phosphate P2O5 (total),1971,1971,t,558200,A,Official figure,Official data from questionnaire
RFN,Fertilizers by Nutrient,356,India,5157,Agricultural Use,3103,Nutrient phosphate P2O5 (total),1972,1972,t,581300,A,Official figure,Official data from questionnaire
RFN,Fertilizers by Nutrient,356,India,5157,Agricultural Use,3103,Nutrient phosphate P2O5 (total),1973,1973,t,649700,A,Official figure,Official data from questionnaire
RFN,Fertilizers by Nutrient,356,India,5157,Agricultural Use,3103,Nutrient phosphate P2O5 (total),1974,1974,t,471500,A,Official figure,Official data from questionnaire
RFN,Fertilizers by Nutrient,356,India,5157,Agricultural Use,3103,Nutrient phosphate P2O5 (total),1975,1975,t,466800,A,Official figure,Official data from questionnaire
RFN,Fertilizers by Nutrient,356,India,5157,Agricultural Use,3103,Nutrient phosphate P2O5 (total),1976,1976,t,640700,A,Official figure,Official data from questionnaire
RFN,Fertilizers by Nutrient,356,India,5157,Agricultural Use,3103,Nutrient phosphate P2O5 (total),1977,1977,t,876500,A,Official figure,Official data from questionnaire
RFN,Fertilizers by Nutrient,356,India,5157,Agricultural Use,3103,Nutrient phosphate P2O5 (total),1978,1978,t,1120000,A,Official figure,Official data from questionnaire
RFN,Fertilizers by Nutrient,356,India,5157,Agricultural Use,3103,Nutrient phosphate P2O5 (total),1979,1979,t,1168400,A,Official figure,Official data from questionnaire
RFN,Fertilizers by Nutrient,356,India,5157,Agricultural Use,3103,Nutrient phosphate P2O5 (total),1980,1980,t,1230600,A,Official figure,Official data from questionnaire
RFN,Fertilizers by Nutrient,356,India,5157,Agricultural Use,3103,Nutrient phosphate P2O5 (total),1981,1981,t,1339700,A,Official figure,Official data from questionnaire
RFN,Fertilizers by Nutrient,356,India,5157,Agricultural Use,3103,Nutrient phosphate P2O5 (total),1982,1982,t,1200900,X,Figure from external organization,Data sourced from another international organization
RFN,Fertilizers by Nutrient,356,India,5157,Agricultural Use,3103,Nutrient phosphate P2O5 (total),1983,1983,t,1371600,X,Figure from external organization,Data sourced from another international organization
RFN,Fertilizers by Nutrient,356,India,5157,Agricultural Use,3103,Nutrient phosphate P2O5 (total),1984,1984,t,1819700,X,Figure from external organization,Data sourced from another international organization
RFN,Fertilizers by Nutrient,356,India,5157,Agricultural Use,3103,Nutrient phosphate P2O5 (total),1985,1985,t,2061300,X,Figure from external organization,Data sourced from another international organization
RFN,Fertilizers by Nutrient,356,India,5157,Agricultural Use,3103,Nutrient phosphate P2O5 (total),1986,1986,t,2220800,X,Figure from external organization,Data sourced from another international organization
RFN,Fertilizers by Nutrient,356,India,5157,Agricultural Use,3103,Nutrient phosphate P2O5 (total),1987,1987,t,1761200,X,Figure from external organization,Data sourced from another international organization
RFN,Fertilizers by Nutrient,356,India,5157,Agricultural Use,3103,Nutrient phosphate P2O5 (total),1988,1988,t,2577600,X,Figure from external organization,Data sourced from another international organization
RFN,Fertilizers by Nutrient,356,India,5157,Agricultural Use,3103,Nutrient phosphate P2O5 (total),1989,1989,t,2991700,X,Figure from external organization,Data sourced from another international organization
RFN,Fertilizers by Nutrient,356,India,5157,Agricultural Use,3103,Nutrient phosphate P2O5 (total),1990,1990,t,3124500,X,Figure from external organization,Data sourced from another international organization
RFN,Fertilizers by Nutrient,356,India,5157,Agricultural Use,3103,Nutrient phosphate P2O5 (total),1991,1991,t,3321213,A,Official figure,Official data from questionnaire
RFN,Fertilizers by Nutrient,356,India,5157,Agricultural Use,3103,Nutrient phosphate P2O5 (total),1992,1992,t,2843774,A,Official figure,Official data from questionnaire
RFN,Fertilizers by Nutrient,356,India,5157,Agricultural Use,3103,Nutrient phosphate P2O5 (total),1993,1993,t,2669300,A,Official figure,Official data from questionnaire
RFN,Fertilizers by Nutrient,356,India,5157,Agricultural Use,3103,Nutrient phosphate P2O5 (total),1994,1994,t,2931700,A,Official figure,Official data from questionnaire
RFN,Fertilizers by Nutrient,356,India,5157,Agricultural Use,3103,Nutrient phosphate P2O5 (total),1995,1995,t,2897533,A,Official figure,Official data from questionnaire
RFN,Fertilizers by Nutrient,356,India,5157,Agricultural Use,3103,Nutrient phosphate P2O5 (total),1996,1996,t,2978978,A,Official figure,Official data from questionnaire
RFN,Fertilizers by Nutrient,356,India,5157,Agricultural Use,3103,Nutrient phosphate P2O5 (total),1997,1997,t,3913600,A,Official figure,Official data from questionnaire
RFN,Fertilizers by Nutrient,356,India,5157,Agricultural Use,3103,Nutrient phosphate P2O5 (total),1998,1998,t,4112200,X,Figure from external organization,Data sourced from another international organization
RFN,Fertilizers by Nutrient,356,India,5157,Agricultural Use,3103,Nutrient phosphate P2O5 (total),1999,1999,t,4796250,A,Official figure,Official data from questionnaire
RFN,Fertilizers by Nutrient,356,India,5157,Agricultural Use,3103,Nutrient phosphate P2O5 (total),2000,2000,t,4214600,A,Official figure,Official data from questionnaire
RFN,Fertilizers by Nutrient,356,India,5157,Agricultural Use,3103,Nutrient phosphate P2O5 (total),2001,2001,t,4365119,A,Official figure,Official data from questionnaire
RFN,Fertilizers by Nutrient,356,India,5157,Agricultural Use,3103,Nutrient phosphate P2O5 (total),2002,2002,t,4029134,A,Official figure,Official data from questionnaire
RFN,Fertilizers by Nutrient,356,India,5157,Agricultural Use,3103,Nutrient phosphate P2O5 (total),2003,2003,t,4131912,A,Official figure,Official data from questionnaire
RFN,Fertilizers by Nutrient,356,India,5157,Agricultural Use,3103,Nutrient phosphate P2O5 (total),2004,2004,t,4633145,A,Official figure,Official data from questionnaire
RFN,Fertilizers by Nutrient,356,India,5157,Agricultural Use,3103,Nutrient phosphate P2O5 (total),2005,2005,t,5209967,A,Official figure,Official data from questionnaire
RFN,Fertilizers by Nutrient,356,India,5157,Agricultural Use,3103,Nutrient phosphate P2O5 (total),2006,2006,t,5550200,A,Official figure,Official data from questionnaire
RFN,Fertilizers by Nutrient,356,India,5157,Agricultural Use,3103,Nutrient phosphate P2O5 (total),2007,2007,t,5518072,A,Official figure,Official data from questionnaire
RFN,Fertilizers by Nutrient,356,India,5157,Agricultural Use,3103,Nutrient phosphate P2O5 (total),2008,2008,t,6051820,A,Official figure,Official data from questionnaire
RFN,Fertilizers by Nutrient,356,India,5157,Agricultural Use,3103,Nutrient phosphate P2O5 (total),2009,2009,t,7249010,A,Official figure,Official data from questionnaire
RFN,Fertilizers by Nutrient,356,India,5157,Agricultural Use,3103,Nutrient phosphate P2O5 (total),2010,2010,t,8195773,A,Official figure,Official data from questionnaire
RFN,Fertilizers by Nutrient,356,India,5157,Agricultural Use,3103,Nutrient phosphate P2O5 (total),2011,2011,t,8409634,A,Official figure,Official data from questionnaire
RFN,Fertilizers by Nutrient,356,India,5157,Agricultural Use,3103,Nutrient phosphate P2O5 (total),2012,2012,t,6653400,A,Official figure,Official data collected from national publication
RFN,Fertilizers by Nutrient,356,India,5157,Agricultural Use,3103,Nutrient phosphate P2O5 (total),2013,2013,t,5633500,A,Official figure,Official data collected from national publication
RFN,Fertilizers by Nutrient,356,India,5157,Agricultural Use,3103,Nutrient phosphate P2O5 (total),2014,2014,t,6098900,A,Official figure,Official data collected from national publication
RFN,Fertilizers by Nutrient,356,India,5157,Agricultural Use,3103,Nutrient phosphate P2O5 (total),2015,2015,t,6978800,A,Official figure,Official data collected from national publication
RFN,Fertilizers by Nutrient,356,India,5157,Agricultural Use,3103,Nutrient phosphate P2O5 (total),2016,2016,t,6705400,A,Official figure,Official data collected from national publication
RFN,Fertilizers by Nutrient,356,India,5157,Agricultural Use,3103,Nutrient phosphate P2O5 (total),2017,2017,t,6854100,A,Official figure,Official data collected from national publication
RFN,Fertilizers by Nutrient,356,India,5157,Agricultural Use,3103,Nutrient phosphate P2O5 (total),2018,2018,t,6967900,A,Official figure,Official data collected from national publication
RFN,Fertilizers by Nutrient,356,India,5157,Agricultural Use,3103,Nutrient phosphate P2O5 (total),2019,2019,t,7464800,A,Official figure,
RFN,Fertilizers by Nutrient,356,India,5157,Agricultural Use,3103,Nutrient phosphate P2O5 (total),2020,2020,t,8977900,A,Official figure,
RFN,Fertilizers by Nutrient,356,India,5157,Agricultural Use,3103,Nutrient phosphate P2O5 (total),2021,2021,t,7828500,A,Official figure,
RFN,Fertilizers by Nutrient,356,India,5157,Agricultural Use,3103,Nutrient phosphate P2O5 (total),2022,2022,t,7921500,A,Official figure,Official data from questionnaire
RFN,Fertilizers by Nutrient,356,India,5157,Agricultural Use,3103,Nutrient phosphate P2O5 (total),2023,2023,t,8306600,A,Official figure,Official data from questionnaire
RFN,Fertilizers by Nutrient,356,India,5157,Agricultural Use,3104,Nutrient potash K2O (total),1961,1961,t,28000,A,Official figure,Official data from questionnaire
RFN,Fertilizers by Nutrient,356,India,5157,Agricultural Use,3104,Nutrient potash K2O (total),1962,1962,t,36400,A,Official figure,Official data from questionnaire
RFN,Fertilizers by Nutrient,356,India,5157,Agricultural Use,3104,Nutrient potash K2O (total),1963,1963,t,50600,A,Official figure,Official data from questionnaire
RFN,Fertilizers by Nutrient,356,India,5157,Agricultural Use,3104,Nutrient potash K2O (total),1964,1964,t,69300,A,Official figure,Official data from questionnaire
RFN,Fertilizers by Nutrient,356,India,5157,Agricultural Use,3104,Nutrient potash K2O (total),1965,1965,t,77300,A,Official figure,Official data from questionnaire
RFN,Fertilizers by Nutrient,356,India,5157,Agricultural Use,3104,Nutrient potash K2O (total),1966,1966,t,114200,A,Official figure,Official data from questionnaire
RFN,Fertilizers by Nutrient,356,India,5157,Agricultural Use,3104,Nutrient potash K2O (total),1967,1967,t,169600,A,Official figure,Official data from questionnaire
RFN,Fertilizers by Nutrient,356,India,5157,Agricultural Use,3104,Nutrient potash K2O (total),1968,1968,t,170000,A,Official figure,Official data from questionnaire
RFN,Fertilizers by Nutrient,356,India,5157,Agricultural Use,3104,Nutrient potash K2O (total),1969,1969,t,210000,A,Official figure,Official data from questionnaire
RFN,Fertilizers by Nutrient,356,India,5157,Agricultural Use,3104,Nutrient potash K2O (total),1970,1970,t,236300,A,Official figure,Official data from questionnaire
RFN,Fertilizers by Nutrient,356,India,5157,Agricultural Use,3104,Nutrient potash K2O (total),1971,1971,t,300600,A,Official figure,Official data from questionnaire
RFN,Fertilizers by Nutrient,356,India,5157,Agricultural Use,3104,Nutrient potash K2O (total),1972,1972,t,347600,A,Official figure,Official data from questionnaire
RFN,Fertilizers by Nutrient,356,India,5157,Agricultural Use,3104,Nutrient potash K2O (total),1973,1973,t,359800,A,Official figure,Official data from questionnaire
RFN,Fertilizers by Nutrient,356,India,5157,Agricultural Use,3104,Nutrient potash K2O (total),1974,1974,t,336100,A,Official figure,Official data from questionnaire
RFN,Fertilizers by Nutrient,356,India,5157,Agricultural Use,3104,Nutrient potash K2O (total),1975,1975,t,278400,A,Official figure,Official data from questionnaire
RFN,Fertilizers by Nutrient,356,India,5157,Agricultural Use,3104,Nutrient potash K2O (total),1976,1976,t,319200,A,Official figure,Official data from questionnaire
RFN,Fertilizers by Nutrient,356,India,5157,Agricultural Use,3104,Nutrient potash K2O (total),1977,1977,t,506300,A,Official figure,Official data from questionnaire
RFN,Fertilizers by Nutrient,356,India,5157,Agricultural Use,3104,Nutrient potash K2O (total),1978,1978,t,591500,A,Official figure,Official data from questionnaire
RFN,Fertilizers by Nutrient,356,India,5157,Agricultural Use,3104,Nutrient potash K2O (total),1979,1979,t,606400,A,Official figure,Official data from questionnaire
RFN,Fertilizers by Nutrient,356,India,5157,Agricultural Use,3104,Nutrient potash K2O (total),1980,1980,t,623900,A,Official figure,Official data from questionnaire
RFN,Fertilizers by Nutrient,356,India,5157,Agricultural Use,3104,Nutrient potash K2O (total),1981,1981,t,676200,A,Official figure,Official data from questionnaire
RFN,Fertilizers by Nutrient,356,India,5157,Agricultural Use,3104,Nutrient potash K2O (total),1982,1982,t,621700,X,Figure from external organization,Data sourced from another international organization
RFN,Fertilizers by Nutrient,356,India,5157,Agricultural Use,3104,Nutrient potash K2O (total),1983,1983,t,626600,X,Figure from external organization,Data sourced from another international organization
RFN,Fertilizers by Nutrient,356,India,5157,Agricultural Use,3104,Nutrient potash K2O (total),1984,1984,t,846400,X,Figure from external organization,Data sourced from another international organization
RFN,Fertilizers by Nutrient,356,India,5157,Agricultural Use,3104,Nutrient potash K2O (total),1985,1985,t,854100,X,Figure from external organization,Data sourced from another international organization
RFN,Fertilizers by Nutrient,356,India,5157,Agricultural Use,3104,Nutrient potash K2O (total),1986,1986,t,868100,X,Figure from external organization,Data sourced from another international organization
RFN,Fertilizers by Nutrient,356,India,5157,Agricultural Use,3104,Nutrient potash K2O (total),1987,1987,t,878600,X,Figure from external organization,Data sourced from another international organization
RFN,Fertilizers by Nutrient,356,India,5157,Agricultural Use,3104,Nutrient potash K2O (total),1988,1988,t,1029900,X,Figure from external organization,Data sourced from another international organization
RFN,Fertilizers by Nutrient,356,India,5157,Agricultural Use,3104,Nutrient potash K2O (total),1989,1989,t,1171700,X,Figure from external organization,Data sourced from another international organization
RFN,Fertilizers by Nutrient,356,India,5157,Agricultural Use,3104,Nutrient potash K2O (total),1990,1990,t,1328000,A,Official figure,Official data from questionnaire
RFN,Fertilizers by Nutrient,356,India,5157,Agricultural Use,3104,Nutrient potash K2O (total),1991,1991,t,1360600,A,Official figure,Official data from questionnaire
RFN,Fertilizers by Nutrient,356,India,5157,Agricultural Use,3104,Nutrient potash K2O (total),1992,1992,t,883900,A,Official figure,Official data from questionnaire
RFN,Fertilizers by Nutrient,356,India,5157,Agricultural Use,3104,Nutrient potash K2O (total),1993,1993,t,937100,A,Official figure,Official data from questionnaire
RFN,Fertilizers by Nutrient,356,India,5157,Agricultural Use,3104,Nutrient potash K2O (total),1994,1994,t,1124800,A,Official figure,Official data from questionnaire
RFN,Fertilizers by Nutrient,356,India,5157,Agricultural Use,3104,Nutrient potash K2O (total),1995,1995,t,1155850,A,Official figure,Official data from questionnaire
RFN,Fertilizers by Nutrient,356,India,5157,Agricultural Use,3104,Nutrient potash K2O (total),1996,1996,t,1043144,A,Official figure,Official data from questionnaire
RFN,Fertilizers by Nutrient,356,India,5157,Agricultural Use,3104,Nutrient potash K2O (total),1997,1997,t,1372487,A,Official figure,Official data from questionnaire
RFN,Fertilizers by Nutrient,356,India,5157,Agricultural Use,3104,Nutrient potash K2O (total),1998,1998,t,1331549,A,Official figure,Official data from questionnaire
RFN,Fertilizers by Nutrient,356,India,5157,Agricultural Use,3104,Nutrient potash K2O (total),1999,1999,t,1674230,A,Official figure,Official data from questionnaire
RFN,Fertilizers by Nutrient,356,India,5157,Agricultural Use,3104,Nutrient potash K2O (total),2000,2000,t,1567500,A,Official figure,Official data from questionnaire
RFN,Fertilizers by Nutrient,356,India,5157,Agricultural Use,3104,Nutrient potash K2O (total),2001,2001,t,1669017,A,Official figure,Official data from questionnaire
RFN,Fertilizers by Nutrient,356,India,5157,Agricultural Use,3104,Nutrient potash K2O (total),2002,2002,t,1597647,A,Official figure,Official data from questionnaire
RFN,Fertilizers by Nutrient,356,India,5157,Agricultural Use,3104,Nutrient potash K2O (total),2003,2003,t,1597439,A,Official figure,Official data from questionnaire
RFN,Fertilizers by Nutrient,356,India,5157,Agricultural Use,3104,Nutrient potash K2O (total),2004,2004,t,2060796,A,Official figure,Official data from questionnaire
RFN,Fertilizers by Nutrient,356,India,5157,Agricultural Use,3104,Nutrient potash K2O (total),2005,2005,t,2413504,A,Official figure,Official data from questionnaire
RFN,Fertilizers by Nutrient,356,India,5157,Agricultural Use,3104,Nutrient potash K2O (total),2006,2006,t,2331051,A,Official figure,Official data from questionnaire
RFN,Fertilizers by Nutrient,356,India,5157,Agricultural Use,3104,Nutrient potash K2O (total),2007,2007,t,2635371,A,Official figure,Official data from questionnaire
RFN,Fertilizers by Nutrient,356,India,5157,Agricultural Use,3104,Nutrient potash K2O (total),2008,2008,t,3312802,A,Official figure,Official data from questionnaire
RFN,Fertilizers by Nutrient,356,India,5157,Agricultural Use,3104,Nutrient potash K2O (total),2009,2009,t,3638144,A,Official figure,Official data from questionnaire
RFN,Fertilizers by Nutrient,356,India,5157,Agricultural Use,3104,Nutrient potash K2O (total),2010,2010,t,3463818,A,Official figure,Official data from questionnaire
RFN,Fertilizers by Nutrient,356,India,5157,Agricultural Use,3104,Nutrient potash K2O (total),2011,2011,t,2596512,A,Official figure,Official data from questionnaire
RFN,Fertilizers by Nutrient,356,India,5157,Agricultural Use,3104,Nutrient potash K2O (total),2012,2012,t,2061800,A,Official figure,Official data collected from national publication
RFN,Fertilizers by Nutrient,356,India,5157,Agricultural Use,3104,Nutrient potash K2O (total),2013,2013,t,2098900,A,Official figure,Official data collected from national publication
RFN,Fertilizers by Nutrient,356,India,5157,Agricultural Use,3104,Nutrient potash K2O (total),2014,2014,t,2532900,A,Official figure,Official data collected from national publication
RFN,Fertilizers by Nutrient,356,India,5157,Agricultural Use,3104,Nutrient potash K2O (total),2015,2015,t,2401500,A,Official figure,Official data collected from national publication
RFN,Fertilizers by Nutrient,356,India,5157,Agricultural Use,3104,Nutrient potash K2O (total),2016,2016,t,2508300,A,Official figure,Official data collected from national publication
RFN,Fertilizers by Nutrient,356,India,5157,Agricultural Use,3104,Nutrient potash K2O (total),2017,2017,t,2778800,A,Official figure,Official data collected from national publication
RFN,Fertilizers by Nutrient,356,India,5157,Agricultural Use,3104,Nutrient potash K2O (total),2018,2018,t,2779100,A,Official figure,Official data collected from national publication
RFN,Fertilizers by Nutrient,356,India,5157,Agricultural Use,3104,Nutrient potash K2O (total),2019,2019,t,2640900,A,Official figure,
RFN,Fertilizers by Nutrient,356,India,5157,Agricultural Use,3104,Nutrient potash K2O (total),2020,2020,t,3153700,A,Official figure,
RFN,Fertilizers by Nutrient,356,India,5157,Agricultural Use,3104,Nutrient potash K2O (total),2021,2021,t,2529500,A,Official figure,
RFN,Fertilizers by Nutrient,356,India,5157,Agricultural Use,3104,Nutrient potash K2O (total),2022,2022,t,1715800,A,Official figure,Official data from questionnaire
RFN,Fertilizers by Nutrient,356,India,5157,Agricultural Use,3104,Nutrient potash K2O (total),2023,2023,t,1878600,A,Official figure,Official data from questionnaire
